{
    "rms_error": 0.15727642459772823,
    "camera_matrix": [
        [
            628.5174089378104,
            0.0,
            326.54433867625056
        ],
        [
            0.0,
            626.7246596297234,
            248.53088818750663
        ],
        [
            0.0,
            0.0,
            1.0
        ]
    ],
    "distortion_coefficients": [
        [
            0.028448533103527362,
            -0.15787637678468983,
            0.0009147754450880819,
            0.0028768249435391887,
            0.01782338771345667
        ]
    ],
    "image_size": [
        640,
        480
    ]
}