{
    "rms_error": 0.1962411511942172,
    "camera_matrix": [
        [
            794.8507417999692,
            0.0,
            404.2176325649676
        ],
        [
            0.0,
            793.1434009233761,
            303.08905712993436
        ],
        [
            0.0,
            0.0,
            1.0
        ]
    ],
    "distortion_coefficients": [
        [
            0.06077537192297337,
            -0.26816775880001076,
            -0.0030080382790939816,
            0.0008929689554498755,
            0.11999675679075539
        ]
    ],
    "image_size": [
        800,
        600
    ]
}