{
    "rms_error": 0.10316016271978266,
    "camera_matrix": [
        [
            503.24737648197896,
            0.0,
            323.0422898294123
        ],
        [
            0.0,
            501.7952341797041,
            247.22752654824743
        ],
        [
            0.0,
            0.0,
            1.0
        ]
    ],
    "distortion_coefficients": [
        [
            0.1794308465610725,
            -0.7430177546104985,
            -0.0006984973579932166,
            -0.000255760881101597,
            0.8165504335552507
        ]
    ],
    "image_size": [
        640,
        480
    ]
}